ds,trend,yhat_lower,yhat_upper,trend_lower,trend_upper,additive_terms,additive_terms_lower,additive_terms_upper,weekly,weekly_lower,weekly_upper,multiplicative_terms,multiplicative_terms_lower,multiplicative_terms_upper,yhat
2022-01-13,169.41661799999997,138.6042124302247,189.94309085476894,169.41661799999997,169.41661799999997,-4.984967064000046,-4.984967064000046,-4.984967064000046,-4.984967064000046,-4.984967064000046,-4.984967064000046,0.0,0.0,0.0,164.43165093599993
2022-01-14,170.15063026739725,142.814447152206,190.88868139762994,170.15063026739725,170.15063026739725,-3.289668485474827,-3.289668485474827,-3.289668485474827,-3.289668485474827,-3.289668485474827,-3.289668485474827,0.0,0.0,0.0,166.8609617819224
2022-01-17,172.35266706958902,143.05776738817366,193.27381714102125,172.35266706958902,172.35266706958902,-2.7426262349816564,-2.7426262349816564,-2.7426262349816564,-2.7426262349816564,-2.7426262349816564,-2.7426262349816564,0.0,0.0,0.0,169.61004083460736
2022-01-18,173.0866793369863,142.24430398324384,192.85097043523066,173.0866793369863,173.0866793369863,-3.177660246024582,-3.177660246024582,-3.177660246024582,-3.177660246024582,-3.177660246024582,-3.177660246024582,0.0,0.0,0.0,169.90901909096172
2022-01-19,173.82069160438354,144.78762809892422,193.08672203413826,173.82069160438354,173.82069160438354,-5.286200794313768,-5.286200794313768,-5.286200794313768,-5.286200794313768,-5.286200794313768,-5.286200794313768,0.0,0.0,0.0,168.53449081006977
2022-01-20,174.55470387178082,145.27220944221014,194.03436832781662,174.55470387178082,174.55470387178082,-4.984967064002807,-4.984967064002807,-4.984967064002807,-4.984967064002807,-4.984967064002807,-4.984967064002807,0.0,0.0,0.0,169.569736807778
2022-01-21,175.28871613917804,146.53812811448324,199.5247743600355,175.28871613917804,175.28871613917804,-3.2896684854646887,-3.2896684854646887,-3.2896684854646887,-3.2896684854646887,-3.2896684854646887,-3.2896684854646887,0.0,0.0,0.0,171.99904765371335
2022-01-24,177.49075294136983,150.42928908428118,201.78121496525665,177.49075294136983,177.49075294136983,-2.742626234944685,-2.742626234944685,-2.742626234944685,-2.742626234944685,-2.742626234944685,-2.742626234944685,0.0,0.0,0.0,174.74812670642515
2022-01-25,178.22476520876708,149.75951646859414,200.56355331457985,178.22476520876708,178.22476520876708,-3.1776602460175583,-3.1776602460175583,-3.1776602460175583,-3.1776602460175583,-3.1776602460175583,-3.1776602460175583,0.0,0.0,0.0,175.04710496274953
2022-01-26,178.95877747157382,150.59582590860356,198.71616206523734,178.95877747157382,178.95877747157382,-5.286200794314542,-5.286200794314542,-5.286200794314542,-5.286200794314542,-5.286200794314542,-5.286200794314542,0.0,0.0,0.0,173.6725766772593
2022-01-27,179.69278973438054,147.5547203861191,198.8770508638793,179.69278973438054,179.69278973438054,-4.984967064005568,-4.984967064005568,-4.984967064005568,-4.984967064005568,-4.984967064005568,-4.984967064005568,0.0,0.0,0.0,174.70782267037498
2022-01-28,180.42680199718725,153.04871499590942,200.35710257093888,180.42680199718725,180.42680199718725,-3.2896684854545493,-3.2896684854545493,-3.2896684854545493,-3.2896684854545493,-3.2896684854545493,-3.2896684854545493,0.0,0.0,0.0,177.1371335117327
2022-01-31,182.62883878560737,154.37938230267582,204.10583364746634,182.62883878560737,182.62883878560737,-2.7426262349534123,-2.7426262349534123,-2.7426262349534123,-2.7426262349534123,-2.7426262349534123,-2.7426262349534123,0.0,0.0,0.0,179.88621255065397
2022-02-01,183.3628510484141,156.1937335468889,204.7218487794577,183.3628510484141,183.3628510484141,-3.1776602460200727,-3.1776602460200727,-3.1776602460200727,-3.1776602460200727,-3.1776602460200727,-3.1776602460200727,0.0,0.0,0.0,180.185190802394
2022-02-02,184.0968633112208,154.94814416717898,201.8180880726684,184.0968633112208,184.0968633112208,-5.286200794316057,-5.286200794316057,-5.286200794316057,-5.286200794316057,-5.286200794316057,-5.286200794316057,0.0,0.0,0.0,178.81066251690476
2022-02-03,184.8308755740275,155.2321657229633,205.65916415052615,184.8308755740275,184.8308755740275,-4.984967064008329,-4.984967064008329,-4.984967064008329,-4.984967064008329,-4.984967064008329,-4.984967064008329,0.0,0.0,0.0,179.84590851001917
2022-02-04,185.56488783683423,158.18505985252204,205.78473750477878,185.56488783683423,185.56488783683423,-3.2896684854976446,-3.2896684854976446,-3.2896684854976446,-3.2896684854976446,-3.2896684854976446,-3.2896684854976446,0.0,0.0,0.0,182.27521935133657
2022-02-07,187.76692464467223,160.3826698928272,208.69972774160544,187.76692464467223,187.76692464467223,-2.7426262349621395,-2.7426262349621395,-2.7426262349621395,-2.7426262349621395,-2.7426262349621395,-2.7426262349621395,0.0,0.0,0.0,185.0242984097101
2022-02-08,188.50093691395153,162.2586655187894,211.63229117138934,188.50093691395153,188.50093691395153,-3.177660246017818,-3.177660246017818,-3.177660246017818,-3.177660246017818,-3.177660246017818,-3.177660246017818,0.0,0.0,0.0,185.32327666793373
2022-02-09,189.2349491832309,159.80423275013692,211.0641112129901,189.2349491832309,189.2349491832309,-5.28620079431609,-5.28620079431609,-5.28620079431609,-5.28620079431609,-5.28620079431609,-5.28620079431609,0.0,0.0,0.0,183.9487483889148
2022-02-10,189.96896145251023,161.02640424121347,211.20884076831595,189.96896145251023,189.96896145251023,-4.984967063997432,-4.984967063997432,-4.984967063997432,-4.984967063997432,-4.984967063997432,-4.984967063997432,0.0,0.0,0.0,184.9839943885128
2022-02-11,190.70297372178956,162.01852605970132,210.56431446723994,190.70297372178956,190.70297372178956,-3.2896684854772476,-3.2896684854772476,-3.2896684854772476,-3.2896684854772476,-3.2896684854772476,-3.2896684854772476,0.0,0.0,0.0,187.4133052363123
2022-02-14,192.90501052962753,166.2901268955075,213.9670109432343,192.90501052962753,192.90501052962753,-2.7426262349708677,-2.7426262349708677,-2.7426262349708677,-2.7426262349708677,-2.7426262349708677,-2.7426262349708677,0.0,0.0,0.0,190.16238429465668
2022-02-15,193.63902279890686,165.64709284012827,215.46056699874353,193.63902279890686,193.63902279890686,-3.1776602460220023,-3.1776602460220023,-3.1776602460220023,-3.1776602460220023,-3.1776602460220023,-3.1776602460220023,0.0,0.0,0.0,190.46136255288485
2022-02-16,194.37303506818623,164.41535654953998,214.17219250862175,194.37303506818623,194.37303506818623,-5.2862007943176055,-5.2862007943176055,-5.2862007943176055,-5.2862007943176055,-5.2862007943176055,-5.2862007943176055,0.0,0.0,0.0,189.08683427386862
2022-02-17,195.10704733850935,165.5781653145975,214.27681089814612,195.10704733850935,195.10704733850935,-4.984967064000194,-4.984967064000194,-4.984967064000194,-4.984967064000194,-4.984967064000194,-4.984967064000194,0.0,0.0,0.0,190.12208027450916
2022-02-18,195.84105960883252,167.96071570755035,217.01699436250263,195.84105960883252,195.84105960883252,-3.289668485477368,-3.289668485477368,-3.289668485477368,-3.289668485477368,-3.289668485477368,-3.289668485477368,0.0,0.0,0.0,192.55139112335516
2022-02-21,198.04309641980197,169.263977659353,220.9503725822317,198.04309641980197,198.04309641980197,-2.7426262349702606,-2.7426262349702606,-2.7426262349702606,-2.7426262349702606,-2.7426262349702606,-2.7426262349702606,0.0,0.0,0.0,195.3004701848317
2022-02-22,198.77710869012512,170.62838803731017,219.1061494601108,198.77710869012512,198.77710869012512,-3.1776602460197463,-3.1776602460197463,-3.1776602460197463,-3.1776602460197463,-3.1776602460197463,-3.1776602460197463,0.0,0.0,0.0,195.59944844410538
2022-02-23,199.51112096044827,168.12715580252774,219.81360439885486,199.51112096044827,199.51112096044827,-5.286200794319121,-5.286200794319121,-5.286200794319121,-5.286200794319121,-5.286200794319121,-5.286200794319121,0.0,0.0,0.0,194.22492016612915
2022-02-24,200.24513323077144,171.3590880599354,220.4340484239386,200.24513323077144,200.24513323077144,-4.984967064002954,-4.984967064002954,-4.984967064002954,-4.984967064002954,-4.984967064002954,-4.984967064002954,0.0,0.0,0.0,195.2601661667685
2022-02-25,200.97914550109456,173.54218073829972,222.55016748727874,200.97914550109456,200.97914550109456,-3.289668485467229,-3.289668485467229,-3.289668485467229,-3.289668485467229,-3.289668485467229,-3.289668485467229,0.0,0.0,0.0,197.68947701562735
2022-02-28,203.18118231206404,177.83615311312533,226.69995599414074,203.18118231206404,203.18118231206404,-2.742626234988324,-2.742626234988324,-2.742626234988324,-2.742626234988324,-2.742626234988324,-2.742626234988324,0.0,0.0,0.0,200.4385560770757
2022-03-01,203.91519459047518,177.95534768073182,226.5564818760824,203.91519459047518,203.91519459047518,-3.177660246022261,-3.177660246022261,-3.177660246022261,-3.177660246022261,-3.177660246022261,-3.177660246022261,0.0,0.0,0.0,200.7375343444529
2022-03-02,204.64920686888632,174.18011328397174,223.44056749462078,204.64920686888632,204.64920686888632,-5.286200794319154,-5.286200794319154,-5.286200794319154,-5.286200794319154,-5.286200794319154,-5.286200794319154,0.0,0.0,0.0,199.36300607456718
2022-03-03,205.3832191472975,178.00646090009732,225.09852893376797,205.3832191472975,205.3832191472975,-4.984967063998163,-4.984967063998163,-4.984967063998163,-4.984967063998163,-4.984967063998163,-4.984967063998163,0.0,0.0,0.0,200.39825208329933
2022-03-04,206.1172314257086,176.66021889508914,228.94646577093425,206.1172314257086,206.1172314257086,-3.2896684854570917,-3.2896684854570917,-3.2896684854570917,-3.2896684854570917,-3.2896684854570917,-3.2896684854570917,0.0,0.0,0.0,202.8275629402515
2022-03-07,208.31926826094207,180.93635367377362,229.68105372265234,208.31926826094207,208.31926826094207,-2.742626234987715,-2.742626234987715,-2.742626234987715,-2.742626234987715,-2.742626234987715,-2.742626234987715,0.0,0.0,0.0,205.57664202595436
2022-03-08,209.0532805393532,180.54486075867553,228.58710188231117,209.0532805393532,209.0532805393532,-3.1776602460200065,-3.1776602460200065,-3.1776602460200065,-3.1776602460200065,-3.1776602460200065,-3.1776602460200065,0.0,0.0,0.0,205.8756202933332
2022-03-09,209.78729281776435,179.74012372606296,228.36970765255631,209.78729281776435,209.78729281776435,-5.2862007943154765,-5.2862007943154765,-5.2862007943154765,-5.2862007943154765,-5.2862007943154765,-5.2862007943154765,0.0,0.0,0.0,204.50109202344888
2022-03-10,210.52130509617555,180.92598391522873,229.05357694041314,210.52130509617555,210.52130509617555,-4.98496706399482,-4.98496706399482,-4.98496706399482,-4.98496706399482,-4.98496706399482,-4.98496706399482,0.0,0.0,0.0,205.53633803218074
2022-03-11,211.25531733157075,184.37802852911116,232.62265641847347,211.25531733157075,211.25531733157075,-3.2896684854469536,-3.2896684854469536,-3.2896684854469536,-3.2896684854469536,-3.2896684854469536,-3.2896684854469536,0.0,0.0,0.0,207.9656488461238
2022-03-14,213.45735403775635,186.9000969001812,235.44348734299984,213.45735403775635,213.45735403775635,-2.74262623496008,-2.74262623496008,-2.74262623496008,-2.74262623496008,-2.74262623496008,-2.74262623496008,0.0,0.0,0.0,210.71472780279626
2022-03-15,214.19136627315154,186.3517906096591,234.23956622657093,214.19136627315154,214.19136627315154,-3.177660246017752,-3.177660246017752,-3.177660246017752,-3.177660246017752,-3.177660246017752,-3.177660246017752,0.0,0.0,0.0,211.0137060271338
2022-03-16,214.92537850854677,186.20804204913082,235.11378166402898,214.92537850854677,214.92537850854677,-5.28620079431625,-5.28620079431625,-5.28620079431625,-5.28620079431625,-5.28620079431625,-5.28620079431625,0.0,0.0,0.0,209.63917771423053
2022-03-17,215.65939074394197,185.8825765332234,234.32682115120434,215.65939074394197,215.65939074394197,-4.984967064003685,-4.984967064003685,-4.984967064003685,-4.984967064003685,-4.984967064003685,-4.984967064003685,0.0,0.0,0.0,210.6744236799383
2022-03-18,216.39340297933717,188.0502401723954,238.56415763573233,216.39340297933717,216.39340297933717,-3.289668485447074,-3.289668485447074,-3.289668485447074,-3.289668485447074,-3.289668485447074,-3.289668485447074,0.0,0.0,0.0,213.1037344938901
2022-03-21,218.5954396855228,189.21712157743426,241.28834053925078,218.5954396855228,218.5954396855228,-2.7426262349688075,-2.7426262349688075,-2.7426262349688075,-2.7426262349688075,-2.7426262349688075,-2.7426262349688075,0.0,0.0,0.0,215.85281345055398
2022-03-22,219.329451920918,191.8848715217619,239.9660263254363,219.329451920918,219.329451920918,-3.1776602460154963,-3.1776602460154963,-3.1776602460154963,-3.1776602460154963,-3.1776602460154963,-3.1776602460154963,0.0,0.0,0.0,216.15179167490248
2022-03-23,220.06346415811313,189.71284034520733,239.62745293743865,220.06346415811313,220.06346415811313,-5.286200794317765,-5.286200794317765,-5.286200794317765,-5.286200794317765,-5.286200794317765,-5.286200794317765,0.0,0.0,0.0,214.77726336379536
2022-03-24,220.79747639530825,191.80795547823402,241.19179802143674,220.79747639530825,220.79747639530825,-4.984967064000342,-4.984967064000342,-4.984967064000342,-4.984967064000342,-4.984967064000342,-4.984967064000342,0.0,0.0,0.0,215.81250933130792
2022-03-25,221.5314886325034,194.25738277918396,244.04082588869093,221.5314886325034,221.5314886325034,-3.289668485479909,-3.289668485479909,-3.289668485479909,-3.289668485479909,-3.289668485479909,-3.289668485479909,0.0,0.0,0.0,218.24182014702347
2022-03-28,223.7335253440888,196.2407111438242,244.65469166503289,223.7335253440888,223.7335253440888,-2.7426262349775357,-2.7426262349775357,-2.7426262349775357,-2.7426262349775357,-2.7426262349775357,-2.7426262349775357,0.0,0.0,0.0,220.99089910911127
2022-03-29,224.46753758128395,198.0622251531206,244.74244815312258,224.46753758128395,224.46753758128395,-3.177660246018011,-3.177660246018011,-3.177660246018011,-3.177660246018011,-3.177660246018011,-3.177660246018011,0.0,0.0,0.0,221.28987733526594
2022-03-30,225.20154981847907,195.08162470694154,244.4500229635556,225.20154981847907,225.20154981847907,-5.286200794312606,-5.286200794312606,-5.286200794312606,-5.286200794312606,-5.286200794312606,-5.286200794312606,0.0,0.0,0.0,219.91534902416646
2022-03-31,225.9355620556742,195.85102494981723,245.67662603938578,225.9355620556742,225.9355620556742,-4.984967063996998,-4.984967063996998,-4.984967063996998,-4.984967063996998,-4.984967063996998,-4.984967063996998,0.0,0.0,0.0,220.9505949916772
2022-04-01,226.66957429286938,198.9578853560607,248.1238567997375,226.66957429286938,226.66957429286938,-3.2896684854697713,-3.2896684854697713,-3.2896684854697713,-3.2896684854697713,-3.2896684854697713,-3.2896684854697713,0.0,0.0,0.0,223.3799058073996
2022-04-04,228.87161100445473,202.83789118497535,250.15039893587053,228.87161100445473,228.87161100445473,-2.7426262349769273,-2.7426262349769273,-2.7426262349769273,-2.7426262349769273,-2.7426262349769273,-2.7426262349769273,0.0,0.0,0.0,226.1289847694778
2022-04-05,229.60551088647026,200.87801838867,250.3781145817178,229.60551088647026,229.60551088647026,-3.177660246017425,-3.177660246017425,-3.177660246017425,-3.177660246017425,-3.177660246017425,-3.177660246017425,0.0,0.0,0.0,226.42785064045282
2022-04-06,230.33941076848578,200.93055767912756,249.3272238866097,230.33941076848578,230.33941076848578,-5.286200794314121,-5.286200794314121,-5.286200794314121,-5.286200794314121,-5.286200794314121,-5.286200794314121,0.0,0.0,0.0,225.05320997417166
2022-04-07,231.0733106505013,201.81734699025736,251.19659606346758,231.0733106505013,231.0733106505013,-4.984967064005864,-4.984967064005864,-4.984967064005864,-4.984967064005864,-4.984967064005864,-4.984967064005864,0.0,0.0,0.0,226.08834358649543
2022-04-08,231.80721053251682,205.1689853620454,252.33608236916572,231.80721053251682,231.80721053251682,-3.289668485459633,-3.289668485459633,-3.289668485459633,-3.289668485459633,-3.289668485459633,-3.289668485459633,0.0,0.0,0.0,228.5175420470572
2022-04-11,234.00891017856338,205.32053401195702,256.68596792084696,234.00891017856338,234.00891017856338,-2.742626234976319,-2.742626234976319,-2.742626234976319,-2.742626234976319,-2.742626234976319,-2.742626234976319,0.0,0.0,0.0,231.26628394358707
2022-04-12,234.7428100605789,207.7315243588034,256.5744650751766,234.7428100605789,234.7428100605789,-3.1776602460199403,-3.1776602460199403,-3.1776602460199403,-3.1776602460199403,-3.1776602460199403,-3.1776602460199403,0.0,0.0,0.0,231.56514981455896
2022-04-13,235.47670994259443,204.60883984944616,255.09293962275538,235.47670994259443,235.47670994259443,-5.286200794314896,-5.286200794314896,-5.286200794314896,-5.286200794314896,-5.286200794314896,-5.286200794314896,0.0,0.0,0.0,230.19050914827952
2022-04-14,236.21060982460997,205.2677697926098,256.39912934248093,236.21060982460997,236.21060982460997,-4.984967064002519,-4.984967064002519,-4.984967064002519,-4.984967064002519,-4.984967064002519,-4.984967064002519,0.0,0.0,0.0,231.22564276060746
2022-04-15,236.83166104580357,210.01633646853617,257.0488436581207,236.83166104580357,236.83166104580357,-3.2896684854597535,-3.2896684854597535,-3.2896684854597535,-3.2896684854597535,-3.2896684854597535,-3.2896684854597535,0.0,0.0,0.0,233.54199256034383
2022-04-18,238.69481470938436,213.01980157629654,260.4144824462398,238.69481470938436,238.69481470938436,-2.7426262349943835,-2.7426262349943835,-2.7426262349943835,-2.7426262349943835,-2.7426262349943835,-2.7426262349943835,0.0,0.0,0.0,235.95218847438997
2022-04-19,239.31586593057798,211.74335691424858,261.3135885765645,239.31586593057798,239.31586593057798,-3.1776602460176857,-3.1776602460176857,-3.1776602460176857,-3.1776602460176857,-3.1776602460176857,-3.1776602460176857,0.0,0.0,0.0,236.1382056845603
2022-04-20,239.9369171517716,210.97567932489486,257.98213000818026,239.9369171517716,239.9369171517716,-5.286200794315669,-5.286200794315669,-5.286200794315669,-5.286200794315669,-5.286200794315669,-5.286200794315669,0.0,0.0,0.0,234.65071635745593
2022-04-21,240.55796837296518,210.36514125122565,260.6545709863912,240.55796837296518,240.55796837296518,-4.984967063997728,-4.984967063997728,-4.984967063997728,-4.984967063997728,-4.984967063997728,-4.984967063997728,0.0,0.0,0.0,235.57300130896746
2022-04-22,241.17901959415877,214.88886990486057,263.1674996832882,241.17901959415877,241.17901959415877,-3.2896684854823297,-3.2896684854823297,-3.2896684854823297,-3.2896684854823297,-3.2896684854823297,-3.2896684854823297,0.0,0.0,0.0,237.88935110867644
2022-04-25,243.0421732577396,214.38338885889314,266.34593823599664,243.0421732577396,243.0421732577396,-2.742626234993775,-2.742626234993775,-2.742626234993775,-2.742626234993775,-2.742626234993775,-2.742626234993775,0.0,0.0,0.0,240.29954702274583
2022-04-26,243.66322447893316,216.2317341208768,265.48495775227457,243.66322447893316,243.66322447893316,-3.177660246021869,-3.177660246021869,-3.177660246021869,-3.177660246021869,-3.177660246021869,-3.177660246021869,0.0,0.0,0.0,240.4855642329113
2022-04-27,244.1367807905377,215.88954870765753,264.1521195411182,244.1367807905377,244.1367807905377,-5.286200794316445,-5.286200794316445,-5.286200794316445,-5.286200794316445,-5.286200794316445,-5.286200794316445,0.0,0.0,0.0,238.85057999622126
2022-04-28,244.6103371021423,214.48018977944017,263.4479580060002,244.6103371021423,244.6103371021423,-4.984967063994385,-4.984967063994385,-4.984967063994385,-4.984967063994385,-4.984967063994385,-4.984967063994385,0.0,0.0,0.0,239.6253700381479
2022-04-29,245.08389341374686,216.31622066801674,266.00680596920324,245.08389341374686,245.08389341374686,-3.289668485482452,-3.289668485482452,-3.289668485482452,-3.289668485482452,-3.289668485482452,-3.289668485482452,0.0,0.0,0.0,241.7942249282644
2022-05-05,247.92523128337422,217.75025829334672,265.8632847230181,247.92523128337422,247.92523128337422,-4.98496706400325,-4.98496706400325,-4.98496706400325,-4.98496706400325,-4.98496706400325,-4.98496706400325,0.0,0.0,0.0,242.94026421937096
2022-05-06,248.39878759497878,220.88900272947612,270.1946491963881,248.39878759497878,248.39878759497878,-3.2896684854825726,-3.2896684854825726,-3.2896684854825726,-3.2896684854825726,-3.2896684854825726,-3.2896684854825726,0.0,0.0,0.0,245.10911910949622
2022-05-09,249.8194565297925,223.28638559392056,270.6772786603784,249.8194565297925,249.8194565297925,-2.742626234974868,-2.742626234974868,-2.742626234974868,-2.742626234974868,-2.742626234974868,-2.742626234974868,0.0,0.0,0.0,247.07683029481763
2022-05-10,250.293012841397,224.36732625750275,272.11740676788787,250.293012841397,250.293012841397,-3.1776602460221297,-3.1776602460221297,-3.1776602460221297,-3.1776602460221297,-3.1776602460221297,-3.1776602460221297,0.0,0.0,0.0,247.11535259537487
2022-05-11,250.7665691530016,220.81640334609608,268.7685965796456,250.7665691530016,250.7665691530016,-5.286200794317991,-5.286200794317991,-5.286200794317991,-5.286200794317991,-5.286200794317991,-5.286200794317991,0.0,0.0,0.0,245.48036835868362
2022-05-12,251.18222069057876,222.38011640565628,270.7191287154589,251.18222069057876,251.18222069057876,-4.984967063999907,-4.984967063999907,-4.984967063999907,-4.984967063999907,-4.984967063999907,-4.984967063999907,0.0,0.0,0.0,246.19725362657886
2022-05-13,251.59787222815592,223.4485533955689,274.1103129870981,251.59787222815592,251.59787222815592,-3.289668485462174,-3.289668485462174,-3.289668485462174,-3.289668485462174,-3.289668485462174,-3.289668485462174,0.0,0.0,0.0,248.30820374269373
2022-05-16,252.8448268408874,225.31900874885972,275.71964531554215,252.8448268408874,252.8448268408874,-2.7426262349835953,-2.7426262349835953,-2.7426262349835953,-2.7426262349835953,-2.7426262349835953,-2.7426262349835953,0.0,0.0,0.0,250.10220060590382
2022-05-17,253.2604783784646,226.43471062145613,273.4431086339142,253.2604783784646,253.2604783784646,-3.177660246024644,-3.177660246024644,-3.177660246024644,-3.177660246024644,-3.177660246024644,-3.177660246024644,0.0,0.0,0.0,250.08281813243994
2022-05-18,253.67612991604173,222.0546995515517,274.1973116577465,253.67612991604173,253.67612991604173,-5.286200794314315,-5.286200794314315,-5.286200794314315,-5.286200794314315,-5.286200794314315,-5.286200794314315,0.0,0.0,0.0,248.38992912172742
2022-05-20,254.50743299119608,227.6451347976544,276.19559471502913,254.50743299119608,254.50743299119608,-3.289668485462295,-3.289668485462295,-3.289668485462295,-3.289668485462295,-3.289668485462295,-3.289668485462295,0.0,0.0,0.0,251.21776450573378
2022-05-23,255.75438760392757,229.23787971693937,277.8039463877143,255.75438760392757,255.75438760392757,-2.7426262349466253,-2.7426262349466253,-2.7426262349466253,-2.7426262349466253,-2.7426262349466253,-2.7426262349466253,0.0,0.0,0.0,253.01176136898096
2022-05-24,256.17003914150473,228.6979592187735,278.27149729203256,256.17003914150473,256.17003914150473,-3.17766024601762,-3.17766024601762,-3.17766024601762,-3.17766024601762,-3.17766024601762,-3.17766024601762,0.0,0.0,0.0,252.99237889548712
2022-05-25,256.5856663377698,226.37906958559836,275.92392000823787,256.5856663377698,256.5856663377698,-5.286200794315088,-5.286200794315088,-5.286200794315088,-5.286200794315088,-5.286200794315088,-5.286200794315088,0.0,0.0,0.0,251.29946554345472
2022-05-26,257.00129353403486,224.9741648439262,277.15221629434006,257.00129353403486,257.00129353403486,-4.984967063997877,-4.984967063997877,-4.984967063997877,-4.984967063997877,-4.984967063997877,-4.984967063997877,0.0,0.0,0.0,252.01632647003697
2022-05-27,257.4169207302999,230.3918867090833,278.6514768152642,257.4169207302999,257.4169207302999,-3.2896684854521574,-3.2896684854521574,-3.2896684854521574,-3.2896684854521574,-3.2896684854521574,-3.2896684854521574,0.0,0.0,0.0,254.12725224484777
2022-05-30,258.66380231909505,233.23660324998832,281.73187147947516,258.66380231909505,258.66380231909505,-2.7426262349646873,-2.7426262349646873,-2.7426262349646873,-2.7426262349646873,-2.7426262349646873,-2.7426262349646873,0.0,0.0,0.0,255.92117608413037
2022-05-31,259.0794295153601,231.6069058302235,281.04924131463525,259.0794295153601,259.0794295153601,-3.177660246020135,-3.177660246020135,-3.177660246020135,-3.177660246020135,-3.177660246020135,-3.177660246020135,0.0,0.0,0.0,255.90176926933998
2022-06-01,259.4950567116252,230.76923908305048,278.9341030097975,259.4950567116252,259.4950567116252,-5.286200794316604,-5.286200794316604,-5.286200794316604,-5.286200794316604,-5.286200794316604,-5.286200794316604,0.0,0.0,0.0,254.20885591730857
2022-06-02,259.9106839078902,230.65411633817598,277.56116959264847,259.9106839078902,259.9106839078902,-4.984967064000637,-4.984967064000637,-4.984967064000637,-4.984967064000637,-4.984967064000637,-4.984967064000637,0.0,0.0,0.0,254.92571684388955
2022-06-03,260.32631110415525,231.40859400152175,281.54795038591726,260.32631110415525,260.32631110415525,-3.289668485495252,-3.289668485495252,-3.289668485495252,-3.289668485495252,-3.289668485495252,-3.289668485495252,0.0,0.0,0.0,257.03664261866
2022-06-06,261.4337518713614,233.85457017945026,283.42076261226174,261.4337518713614,261.4337518713614,-2.74262623496408,-2.74262623496408,-2.74262623496408,-2.74262623496408,-2.74262623496408,-2.74262623496408,0.0,0.0,0.0,258.6911256363973
2022-06-07,261.80289879376346,234.8853748568017,282.0629015816056,261.80289879376346,261.80289879376346,-3.1776602460178798,-3.1776602460178798,-3.1776602460178798,-3.1776602460178798,-3.1776602460178798,-3.1776602460178798,0.0,0.0,0.0,258.6252385477456
2022-06-08,262.1720457161655,233.50767100114447,281.515409761052,262.1720457161655,262.1720457161655,-5.286200794316638,-5.286200794316638,-5.286200794316638,-5.286200794316638,-5.286200794316638,-5.286200794316638,0.0,0.0,0.0,256.88584492184884
2022-06-09,262.54119263856757,234.04666510169636,282.486243931846,262.54119263856757,262.54119263856757,-4.984967063997294,-4.984967063997294,-4.984967063997294,-4.984967063997294,-4.984967063997294,-4.984967063997294,0.0,0.0,0.0,257.55622557457025
2022-06-10,262.9103395609696,234.70095950413952,283.8222720122548,262.9103395609696,262.9103395609696,-3.289668485474854,-3.289668485474854,-3.289668485474854,-3.289668485474854,-3.289668485474854,-3.289668485474854,0.0,0.0,0.0,259.6206710754947
2022-06-13,264.0177803281757,236.5757501583563,288.04816868723,264.0177803281757,264.0177803281757,-2.742626234972808,-2.742626234972808,-2.742626234972808,-2.742626234972808,-2.742626234972808,-2.742626234972808,0.0,0.0,0.0,261.2751540932029
2022-06-14,264.38692725057774,237.08591319401077,283.7438448885934,264.38692725057774,264.38692725057774,-3.1776602460220644,-3.1776602460220644,-3.1776602460220644,-3.1776602460220644,-3.1776602460220644,-3.1776602460220644,0.0,0.0,0.0,261.20926700455567
2022-06-15,264.75607417297977,234.50337736515937,284.76872986909336,264.75607417297977,264.75607417297977,-5.2862007943181535,-5.2862007943181535,-5.2862007943181535,-5.2862007943181535,-5.2862007943181535,-5.2862007943181535,0.0,0.0,0.0,259.4698733786616
2022-06-16,265.1252210502124,236.5186197437107,284.25457729078533,265.1252210502124,265.1252210502124,-4.984967064006159,-4.984967064006159,-4.984967064006159,-4.984967064006159,-4.984967064006159,-4.984967064006159,0.0,0.0,0.0,260.14025398620623
2022-06-17,265.4943679274451,236.65868831201428,286.1600490112453,265.4943679274451,265.4943679274451,-3.2896684854749756,-3.2896684854749756,-3.2896684854749756,-3.2896684854749756,-3.2896684854749756,-3.2896684854749756,0.0,0.0,0.0,262.20469944197015
2022-06-20,266.6018085591432,241.03540736233094,288.8837686413848,266.6018085591432,266.6018085591432,-2.742626234972201,-2.742626234972201,-2.742626234972201,-2.742626234972201,-2.742626234972201,-2.742626234972201,0.0,0.0,0.0,263.859182324171
2022-06-21,266.9709554363759,238.81727731970912,286.7743071016449,266.9709554363759,266.9709554363759,-3.1776602460198093,-3.1776602460198093,-3.1776602460198093,-3.1776602460198093,-3.1776602460198093,-3.1776602460198093,0.0,0.0,0.0,263.7932951903561
2022-06-22,267.34010231360855,236.0678240789969,286.48941261988955,267.34010231360855,267.34010231360855,-5.286200794314475,-5.286200794314475,-5.286200794314475,-5.286200794314475,-5.286200794314475,-5.286200794314475,0.0,0.0,0.0,262.0539015192941
2022-06-23,267.70924919084126,239.5348601719135,286.83123296840455,267.70924919084126,267.70924919084126,-4.984967064002816,-4.984967064002816,-4.984967064002816,-4.984967064002816,-4.984967064002816,-4.984967064002816,0.0,0.0,0.0,262.72428212683843
2022-06-24,268.07839606807397,240.74926758506837,290.23484045372237,268.07839606807397,268.07839606807397,-3.2896684854648366,-3.2896684854648366,-3.2896684854648366,-3.2896684854648366,-3.2896684854648366,-3.2896684854648366,0.0,0.0,0.0,264.7887275826091
2022-06-27,269.185836699772,240.278289210706,288.7833409770238,269.185836699772,269.185836699772,-2.742626234990263,-2.742626234990263,-2.742626234990263,-2.742626234990263,-2.742626234990263,-2.742626234990263,0.0,0.0,0.0,266.4432104647817
2022-06-28,269.55498357145774,241.57762181385132,292.6179161083586,269.55498357145774,269.55498357145774,-3.1776602460223247,-3.1776602460223247,-3.1776602460223247,-3.1776602460223247,-3.1776602460223247,-3.1776602460223247,0.0,0.0,0.0,266.37732332543544
2022-06-29,269.9241304431434,240.70854244489175,289.75765161836927,269.9241304431434,269.9241304431434,-5.2862007943145075,-5.2862007943145075,-5.2862007943145075,-5.2862007943145075,-5.2862007943145075,-5.2862007943145075,0.0,0.0,0.0,264.6379296488289
2022-06-30,270.2932773148291,241.04690123659245,289.4863612067099,270.2932773148291,270.2932773148291,-4.984967063998025,-4.984967063998025,-4.984967063998025,-4.984967063998025,-4.984967063998025,-4.984967063998025,0.0,0.0,0.0,265.3083102508311
2022-07-01,270.6624241865148,242.31459148458006,293.2266352825119,270.6624241865148,270.6624241865148,-3.2896684854546976,-3.2896684854546976,-3.2896684854546976,-3.2896684854546976,-3.2896684854546976,-3.2896684854546976,0.0,0.0,0.0,267.3727557010601
2022-07-04,271.7698648015719,245.46675061999244,294.8711063530701,271.7698648015719,271.7698648015719,-2.742626234989655,-2.742626234989655,-2.742626234989655,-2.742626234989655,-2.742626234989655,-2.742626234989655,0.0,0.0,0.0,269.02723856658224
2022-07-05,272.1390116732575,244.91311356357915,296.31948862372013,272.1390116732575,272.1390116732575,-3.177660246015299,-3.177660246015299,-3.177660246015299,-3.177660246015299,-3.177660246015299,-3.177660246015299,0.0,0.0,0.0,268.9613514272422
2022-07-06,272.5081585449433,243.34786763768975,292.0527066674808,272.5081585449433,272.5081585449433,-5.286200794316023,-5.286200794316023,-5.286200794316023,-5.286200794316023,-5.286200794316023,-5.286200794316023,0.0,0.0,0.0,267.22195775062727
2022-07-07,272.877305416629,242.73894290992808,293.58054063231197,272.877305416629,272.877305416629,-4.984967063994681,-4.984967063994681,-4.984967063994681,-4.984967063994681,-4.984967063994681,-4.984967063994681,0.0,0.0,0.0,267.8923383526343
2022-07-08,273.34170705478044,246.10568220598248,294.878280002829,273.34170705478044,273.34170705478044,-3.289668485444561,-3.289668485444561,-3.289668485444561,-3.289668485444561,-3.289668485444561,-3.289668485444561,0.0,0.0,0.0,270.0520385693359
2022-07-13,275.6637152455376,245.98877008910418,295.5499144657657,275.6637152455376,275.6637152455376,-5.286200794316797,-5.286200794316797,-5.286200794316797,-5.286200794316797,-5.286200794316797,-5.286200794316797,0.0,0.0,0.0,270.3775144512208
2022-07-14,276.12811688368913,247.7909206337399,296.17214308851885,276.12811688368913,276.12811688368913,-4.984967064003547,-4.984967064003547,-4.984967064003547,-4.984967064003547,-4.984967064003547,-4.984967064003547,0.0,0.0,0.0,271.14314981968556
2022-07-18,277.9857234362949,249.8615466825074,298.9818595728052,277.9857234362949,277.9857234362949,-2.742626234970747,-2.742626234970747,-2.742626234970747,-2.742626234970747,-2.742626234970747,-2.742626234970747,0.0,0.0,0.0,275.24309720132413
2022-07-19,278.4501250744464,249.87385312697995,299.0401097249884,278.4501250744464,278.4501250744464,-3.177660246021998,-3.177660246021998,-3.177660246021998,-3.177660246021998,-3.177660246021998,-3.177660246021998,0.0,0.0,0.0,275.2724648284244
2022-07-20,278.9145267125978,246.65134554559825,296.96806816089145,278.9145267125978,278.9145267125978,-5.286200794317571,-5.286200794317571,-5.286200794317571,-5.286200794317571,-5.286200794317571,-5.286200794317571,0.0,0.0,0.0,273.62832591828027
2022-07-21,279.3789283507492,249.2591228572013,299.2045392971756,279.3789283507492,279.3789283507492,-4.984967064000203,-4.984967064000203,-4.984967064000203,-4.984967064000203,-4.984967064000203,-4.984967064000203,0.0,0.0,0.0,274.393961286749
2022-07-22,279.84332998890073,251.67554175961766,301.40675099495866,279.84332998890073,279.84332998890073,-3.289668485467258,-3.289668485467258,-3.289668485467258,-3.289668485467258,-3.289668485467258,-3.289668485467258,0.0,0.0,0.0,276.5536615034335
2022-07-25,282.0786954523962,253.27559631062482,302.75794950878577,282.0786954523962,282.0786954523962,-2.742626234979475,-2.742626234979475,-2.742626234979475,-2.742626234979475,-2.742626234979475,-2.742626234979475,0.0,0.0,0.0,279.3360692174167
2022-07-26,282.82381727356136,256.1667117092615,303.5047736622749,282.82381727356136,282.82381727356136,-3.1776602460245127,-3.1776602460245127,-3.1776602460245127,-3.1776602460245127,-3.1776602460245127,-3.1776602460245127,0.0,0.0,0.0,279.64615702753684
2022-07-27,283.56893909472655,252.78304772050487,302.80823079418315,283.56893909472655,283.56893909472655,-5.286200794313153,-5.286200794313153,-5.286200794313153,-5.286200794313153,-5.286200794313153,-5.286200794313153,0.0,0.0,0.0,278.28273830041337
2022-07-28,284.3140609158916,255.7549602360007,303.5519961219119,284.3140609158916,284.3140609158916,-4.984967063996859,-4.984967063996859,-4.984967063996859,-4.984967063996859,-4.984967063996859,-4.984967063996859,0.0,0.0,0.0,279.32909385189475
2022-07-29,285.05918273705674,257.4455337650184,305.91129596387566,285.05918273705674,285.05918273705674,-3.289668485467378,-3.289668485467378,-3.289668485467378,-3.289668485467378,-3.289668485467378,-3.289668485467378,0.0,0.0,0.0,281.7695142515894
2022-08-01,287.2945482005522,258.8872131172706,307.6635308814636,287.2945482005522,287.2945482005522,-2.7426262349788666,-2.7426262349788666,-2.7426262349788666,-2.7426262349788666,-2.7426262349788666,-2.7426262349788666,0.0,0.0,0.0,284.55192196557334
2022-08-02,288.0396700217173,261.2381811787419,308.0222481984133,288.0396700217173,288.0396700217173,-3.177660246017489,-3.177660246017489,-3.177660246017489,-3.177660246017489,-3.177660246017489,-3.177660246017489,0.0,0.0,0.0,284.86200977569985
2022-08-03,288.7847918428825,258.87988118084604,308.8359367534454,288.7847918428825,288.7847918428825,-5.286200794314668,-5.286200794314668,-5.286200794314668,-5.286200794314668,-5.286200794314668,-5.286200794314668,0.0,0.0,0.0,283.49859104856785
2022-08-04,289.7321955369244,259.5400069373871,307.7543672982213,289.7321955369244,289.7321955369244,-4.984967064005724,-4.984967064005724,-4.984967064005724,-4.984967064005724,-4.984967064005724,-4.984967064005724,0.0,0.0,0.0,284.74722847291866
2022-08-05,290.67959923096623,262.1246320343428,310.4001884735293,290.67959923096623,290.67959923096623,-3.2896684854572404,-3.2896684854572404,-3.2896684854572404,-3.2896684854572404,-3.2896684854572404,-3.2896684854572404,0.0,0.0,0.0,287.389930745509
2022-08-08,293.5218103130918,266.1160136885272,316.08447021738067,293.5218103130918,293.5218103130918,-2.7426262349969313,-2.7426262349969313,-2.7426262349969313,-2.7426262349969313,-2.7426262349969313,-2.7426262349969313,0.0,0.0,0.0,290.7791840780949
2022-08-09,294.4692140071337,267.0450163545376,315.9584421457703,294.4692140071337,294.4692140071337,-3.1776602460200034,-3.1776602460200034,-3.1776602460200034,-3.1776602460200034,-3.1776602460200034,-3.1776602460200034,0.0,0.0,0.0,291.2915537611137
2022-08-10,295.41661770117554,265.66154762945115,314.676261622234,295.41661770117554,295.41661770117554,-5.286200794314702,-5.286200794314702,-5.286200794314702,-5.286200794314702,-5.286200794314702,-5.286200794314702,0.0,0.0,0.0,290.13041690686083
2022-08-11,296.36402139521743,267.38409844278624,315.5693452369594,296.36402139521743,296.36402139521743,-4.98496706400238,-4.98496706400238,-4.98496706400238,-4.98496706400238,-4.98496706400238,-4.98496706400238,0.0,0.0,0.0,291.37905433121506
2022-08-12,297.3114250892593,268.361709696247,317.96762410573336,297.3114250892593,297.3114250892593,-3.2896684855003344,-3.2896684855003344,-3.2896684855003344,-3.2896684855003344,-3.2896684855003344,-3.2896684855003344,0.0,0.0,0.0,294.02175660375894
2022-08-15,300.15363617138485,272.1578829521557,322.1586502724184,300.15363617138485,300.15363617138485,-2.7426262349963215,-2.7426262349963215,-2.7426262349963215,-2.7426262349963215,-2.7426262349963215,-2.7426262349963215,0.0,0.0,0.0,297.41100993638855
2022-08-16,301.1010398896527,272.90791036918995,320.6274679529639,301.1010398896527,301.1010398896527,-3.1776602460177474,-3.1776602460177474,-3.1776602460177474,-3.1776602460177474,-3.1776602460177474,-3.1776602460177474,0.0,0.0,0.0,297.923379643635
2022-08-17,302.04844360792055,271.96340900802454,321.7055361352006,302.04844360792055,302.04844360792055,-5.286200794316216,-5.286200794316216,-5.286200794316216,-5.286200794316216,-5.286200794316216,-5.286200794316216,0.0,0.0,0.0,296.7622428136043
2022-08-18,302.9958473261884,273.54185897005635,323.9505731371303,302.9958473261884,302.9958473261884,-4.98496706399759,-4.98496706399759,-4.98496706399759,-4.98496706399759,-4.98496706399759,-4.98496706399759,0.0,0.0,0.0,298.0108802621908
2022-08-19,303.94325104445625,275.9725868285672,327.3942397860544,303.94325104445625,303.94325104445625,-3.2896684854799374,-3.2896684854799374,-3.2896684854799374,-3.2896684854799374,-3.2896684854799374,-3.2896684854799374,0.0,0.0,0.0,300.6535825589763
2022-08-22,306.7854621992598,277.5642797990985,328.7375763320595,306.7854621992598,306.7854621992598,-2.7426262349593524,-2.7426262349593524,-2.7426262349593524,-2.7426262349593524,-2.7426262349593524,-2.7426262349593524,0.0,0.0,0.0,304.0428359643005
2022-08-23,307.7328659175277,279.44890025323537,328.57038812058045,307.7328659175277,307.7328659175277,-3.1776602460219316,-3.1776602460219316,-3.1776602460219316,-3.1776602460219316,-3.1776602460219316,-3.1776602460219316,0.0,0.0,0.0,304.55520567150575
2022-08-24,308.6802696357956,279.8544750761015,326.44572337567047,308.6802696357956,308.6802696357956,-5.28620079431699,-5.28620079431699,-5.28620079431699,-5.28620079431699,-5.28620079431699,-5.28620079431699,0.0,0.0,0.0,303.3940688414786
2022-08-25,309.6276733540634,278.4949919279542,330.97536752778467,309.6276733540634,309.6276733540634,-4.98496706400035,-4.98496706400035,-4.98496706400035,-4.98496706400035,-4.98496706400035,-4.98496706400035,0.0,0.0,0.0,304.6427062900631
2022-08-26,310.5750770723313,280.0095121209731,331.4363918395592,310.5750770723313,310.5750770723313,-3.289668485480058,-3.289668485480058,-3.289668485480058,-3.289668485480058,-3.289668485480058,-3.289668485480058,0.0,0.0,0.0,307.28540858685125
2022-08-29,313.417288236453,286.9295468323653,334.77343914557025,313.417288236453,313.417288236453,-2.7426262349680797,-2.7426262349680797,-2.7426262349680797,-2.7426262349680797,-2.7426262349680797,-2.7426262349680797,0.0,0.0,0.0,310.6746620014849
2022-08-31,315.3120956792008,286.4212546369993,334.2901906075904,315.3120956792008,315.3120956792008,-5.286200794318505,-5.286200794318505,-5.286200794318505,-5.286200794318505,-5.286200794318505,-5.286200794318505,0.0,0.0,0.0,310.0258948848823
2022-09-01,316.25949940057467,284.12540068538226,334.49158675847576,316.25949940057467,316.25949940057467,-4.984967064003111,-4.984967064003111,-4.984967064003111,-4.984967064003111,-4.984967064003111,-4.984967064003111,0.0,0.0,0.0,311.27453233657155
2022-09-02,317.20690312194864,288.18870711927826,337.73379981252066,317.20690312194864,317.20690312194864,-3.2896684854801794,-3.2896684854801794,-3.2896684854801794,-3.2896684854801794,-3.2896684854801794,-3.2896684854801794,0.0,0.0,0.0,313.91723463646844
2022-09-05,320.0491142860703,292.5155124947673,341.71406964588954,320.0491142860703,320.0491142860703,-2.742626234976808,-2.742626234976808,-2.742626234976808,-2.742626234976808,-2.742626234976808,-2.742626234976808,0.0,0.0,0.0,317.3064880510935
2022-09-06,320.99651800744414,292.34120510574604,343.3260215697723,320.99651800744414,320.99651800744414,-3.177660246022192,-3.177660246022192,-3.177660246022192,-3.177660246022192,-3.177660246022192,-3.177660246022192,0.0,0.0,0.0,317.81885776142195
2022-09-07,321.94392172881805,291.45727470952465,340.6339908731883,321.94392172881805,321.94392172881805,-5.286200794318539,-5.286200794318539,-5.286200794318539,-5.286200794318539,-5.286200794318539,-5.286200794318539,0.0,0.0,0.0,316.65772093449954
2022-09-08,322.89132545019186,292.97266387815637,341.73332585056687,322.89132545019186,322.89132545019186,-4.984967063992217,-4.984967063992217,-4.984967063992217,-4.984967063992217,-4.984967063992217,-4.984967063992217,0.0,0.0,0.0,317.90635838619966
2022-09-09,323.838729177683,299.2333060489178,345.12642912241705,323.838729177683,323.838729177683,-3.289668485459781,-3.289668485459781,-3.289668485459781,-3.289668485459781,-3.289668485459781,-3.289668485459781,0.0,0.0,0.0,320.5490606922232
2022-09-12,326.6809403601561,296.8838694511111,346.9705244836173,326.6809403601561,326.6809403601561,-2.7426262349855346,-2.7426262349855346,-2.7426262349855346,-2.7426262349855346,-2.7426262349855346,-2.7426262349855346,0.0,0.0,0.0,323.93831412517056
2022-09-13,327.6283440876472,300.5043973130689,350.52320881180196,327.6283440876472,327.6283440876472,-3.1776602460151664,-3.1776602460151664,-3.1776602460151664,-3.1776602460151664,-3.1776602460151664,-3.1776602460151664,0.0,0.0,0.0,324.450683841632
2022-09-14,328.5757478151382,298.91085504729136,346.61847964698296,328.5757478151382,328.5757478151382,-5.28620079431486,-5.28620079431486,-5.28620079431486,-5.28620079431486,-5.28620079431486,-5.28620079431486,0.0,0.0,0.0,323.2895470208233
2022-09-15,329.5231515426293,300.44546377299736,348.919800797568,329.5231515426293,329.5231515426293,-4.9849670639949775,-4.9849670639949775,-4.9849670639949775,-4.9849670639949775,-4.9849670639949775,-4.9849670639949775,0.0,0.0,0.0,324.5381844786343
2022-09-16,330.4705552701203,302.9464345416759,351.57593234265454,330.4705552701203,330.4705552701203,-3.2896684854599028,-3.2896684854599028,-3.2896684854599028,-3.2896684854599028,-3.2896684854599028,-3.2896684854599028,0.0,0.0,0.0,327.1808867846604
2022-09-19,333.31276645259345,304.967473748598,355.28732526918964,333.31276645259345,333.31276645259345,-2.742626234948564,-2.742626234948564,-2.742626234948564,-2.742626234948564,-2.742626234948564,-2.742626234948564,0.0,0.0,0.0,330.5701402176449
2022-09-20,334.2601701800845,306.37360247433895,356.7179324215828,334.2601701800845,334.2601701800845,-3.177660246017682,-3.177660246017682,-3.177660246017682,-3.177660246017682,-3.177660246017682,-3.177660246017682,0.0,0.0,0.0,331.0825099340668
2022-09-21,335.4396258253838,305.2898812226205,357.9789858470865,335.4396258253838,335.4396258253838,-5.286200794315636,-5.286200794315636,-5.286200794315636,-5.286200794315636,-5.286200794315636,-5.286200794315636,0.0,0.0,0.0,330.1534250310682
2022-09-22,336.6190814706831,307.4266431120139,356.81946821147864,336.6190814706831,336.6190814706831,-4.984967063997737,-4.984967063997737,-4.984967063997737,-4.984967063997737,-4.984967063997737,-4.984967063997737,0.0,0.0,0.0,331.6341144066854
2022-09-23,337.7985371159824,310.1601045673444,359.25134432334545,337.7985371159824,337.7985371159824,-3.289668485449764,-3.289668485449764,-3.289668485449764,-3.289668485449764,-3.289668485449764,-3.289668485449764,0.0,0.0,0.0,334.5088686305327
2022-09-26,341.3369040518802,313.05468920094916,362.5392774148177,341.3369040518802,341.3369040518802,-2.742626234966627,-2.742626234966627,-2.742626234966627,-2.742626234966627,-2.742626234966627,-2.742626234966627,0.0,0.0,0.0,338.5942778169136
2022-09-27,342.51635969717944,314.22624350043384,364.9816214141605,342.51635969717944,342.51635969717944,-3.177660246020197,-3.177660246020197,-3.177660246020197,-3.177660246020197,-3.177660246020197,-3.177660246020197,0.0,0.0,0.0,339.33869945115924
2022-09-28,343.6958153424787,314.0346085888469,362.7095615192223,343.6958153424787,343.6958153424787,-5.28620079431641,-5.28620079431641,-5.28620079431641,-5.28620079431641,-5.28620079431641,-5.28620079431641,0.0,0.0,0.0,338.40961454816227
2022-09-29,344.875270987778,314.0161061400811,365.6120427361362,344.875270987778,344.875270987778,-4.9849670640004975,-4.9849670640004975,-4.9849670640004975,-4.9849670640004975,-4.9849670640004975,-4.9849670640004975,0.0,0.0,0.0,339.8903039237775
2022-09-30,346.0547266330773,319.5109441992876,367.4466227382044,346.0547266330773,346.0547266330773,-3.2896684854825993,-3.2896684854825993,-3.2896684854825993,-3.2896684854825993,-3.2896684854825993,-3.2896684854825993,0.0,0.0,0.0,342.7650581475947
2022-10-03,350.64663931253676,323.1076950263077,371.28748404588856,350.64663931253676,350.64663931253676,-2.742626234966019,-2.742626234966019,-2.742626234966019,-2.742626234966019,-2.742626234966019,-2.742626234966019,0.0,0.0,0.0,347.90401307757077
2022-10-04,352.1772768723566,323.5674070173039,371.709180144335,352.1772768723566,352.1772768723566,-3.1776602460179415,-3.1776602460179415,-3.1776602460179415,-3.1776602460179415,-3.1776602460179415,-3.1776602460179415,0.0,0.0,0.0,348.99961662633865
2022-10-05,353.7079144321764,322.2870448632692,371.773304778936,353.7079144321764,353.7079144321764,-5.286200794311992,-5.286200794311992,-5.286200794311992,-5.286200794311992,-5.286200794311992,-5.286200794311992,0.0,0.0,0.0,348.4217136378644
2022-10-06,355.2385519919962,326.7878990963518,374.28288289163527,355.2385519919962,355.2385519919962,-4.984967063997154,-4.984967063997154,-4.984967063997154,-4.984967063997154,-4.984967063997154,-4.984967063997154,0.0,0.0,0.0,350.25358492799904
2022-10-07,356.76918955181605,329.6778247222313,380.1292989490425,356.76918955181605,356.76918955181605,-3.289668485472461,-3.289668485472461,-3.289668485472461,-3.289668485472461,-3.289668485472461,-3.289668485472461,0.0,0.0,0.0,353.4795210663436
2022-10-10,361.3611022312755,334.65144859385333,383.8112604466656,361.3611022312755,361.3611022312755,-2.7426262349747472,-2.7426262349747472,-2.7426262349747472,-2.7426262349747472,-2.7426262349747472,-2.7426262349747472,0.0,0.0,0.0,358.61847599630073
2022-10-11,362.89173979109523,335.4823356337527,384.8520746221901,362.89173979109523,362.89173979109523,-3.1776602460221253,-3.1776602460221253,-3.1776602460221253,-3.1776602460221253,-3.1776602460221253,-3.1776602460221253,0.0,0.0,0.0,359.7140795450731
2022-10-12,364.42237735091504,336.3327895150911,384.93818819256325,364.42237735091504,364.42237735091504,-5.286200794313506,-5.286200794313506,-5.286200794313506,-5.286200794313506,-5.286200794313506,-5.286200794313506,0.0,0.0,0.0,359.1361765566015
2022-10-13,366.1969379233376,336.2287426846506,385.33089897375334,366.1969379233376,366.1969379233376,-4.984967064006019,-4.984967064006019,-4.984967064006019,-4.984967064006019,-4.984967064006019,-4.984967064006019,0.0,0.0,0.0,361.2119708593316
2022-10-14,367.9714984957602,341.6749799767587,388.5387654471774,367.9714984957602,367.9714984957602,-3.289668485472582,-3.289668485472582,-3.289668485472582,-3.289668485472582,-3.289668485472582,-3.289668485472582,0.0,0.0,0.0,364.6818300102876
2022-10-17,373.29518021302783,346.5133426221795,394.2851594905074,373.29518021302783,373.29518021302783,-2.7426262349834754,-2.7426262349834754,-2.7426262349834754,-2.7426262349834754,-2.7426262349834754,-2.7426262349834754,0.0,0.0,0.0,370.5525539780444
2022-10-18,375.0697407854504,348.49153444583294,396.1604036950041,375.0697407854504,375.0697407854504,-3.1776602460198706,-3.1776602460198706,-3.1776602460198706,-3.1776602460198706,-3.1776602460198706,-3.1776602460198706,0.0,0.0,0.0,371.89208053943054
2022-10-19,376.8443013578729,347.0088187207451,395.3379352882599,376.8443013578729,376.8443013578729,-5.28620079431354,-5.28620079431354,-5.28620079431354,-5.28620079431354,-5.28620079431354,-5.28620079431354,0.0,0.0,0.0,371.5581005635594
2022-10-20,378.61886193029545,347.6039422015755,396.99337263944085,378.61886193029545,378.61886193029545,-4.984967064002676,-4.984967064002676,-4.984967064002676,-4.984967064002676,-4.984967064002676,-4.984967064002676,0.0,0.0,0.0,373.6338948662928
2022-10-21,380.39342250271807,353.48115536991247,403.13419898173964,380.39342250271807,380.39342250271807,-3.2896684854624443,-3.2896684854624443,-3.2896684854624443,-3.2896684854624443,-3.2896684854624443,-3.2896684854624443,0.0,0.0,0.0,377.1037540172556
2022-10-24,385.71710421998574,357.39609771654773,406.266805890785,385.71710421998574,385.71710421998574,-2.7426262349922026,-2.7426262349922026,-2.7426262349922026,-2.7426262349922026,-2.7426262349922026,-2.7426262349922026,0.0,0.0,0.0,382.97447798499354
2022-10-25,387.4916648021156,358.7785586981343,409.0927171902482,387.4916648021156,387.4916648021156,-3.177660246022385,-3.177660246022385,-3.177660246022385,-3.177660246022385,-3.177660246022385,-3.177660246022385,0.0,0.0,0.0,384.3140045560932
2022-10-26,389.26622538424556,358.21499975228096,406.5836632783788,389.26622538424556,389.26622538424556,-5.2862007943150555,-5.2862007943150555,-5.2862007943150555,-5.2862007943150555,-5.2862007943150555,-5.2862007943150555,0.0,0.0,0.0,383.9800245899305
2022-10-27,391.0407859663755,362.35038291554736,410.2322179997877,391.0407859663755,391.0407859663755,-4.984967063997886,-4.984967063997886,-4.984967063997886,-4.984967063997886,-4.984967063997886,-4.984967063997886,0.0,0.0,0.0,386.0558189023776
2022-10-28,392.8153465485054,365.5995291655338,415.0908393079994,392.8153465485054,392.8153465485054,-3.2896684854523053,-3.2896684854523053,-3.2896684854523053,-3.2896684854523053,-3.2896684854523053,-3.2896684854523053,0.0,0.0,0.0,389.5256780630531
2022-10-31,398.13902829489507,371.5864831739871,419.42806945669463,398.13902829489507,398.13902829489507,-2.7426262349915946,-2.7426262349915946,-2.7426262349915946,-2.7426262349915946,-2.7426262349915946,-2.7426262349915946,0.0,0.0,0.0,395.3964020599035
2022-11-01,399.913588877025,374.0365754931663,421.3380107039914,399.913588877025,399.913588877025,-3.1776602460218,-3.1776602460218,-3.1776602460218,-3.1776602460218,-3.1776602460218,-3.1776602460218,0.0,0.0,0.0,396.7359286310032
2022-11-02,401.688149459155,372.27202460616996,421.2959718547627,401.688149459155,401.688149459155,-5.286200794316569,-5.286200794316569,-5.286200794316569,-5.286200794316569,-5.286200794316569,-5.286200794316569,0.0,0.0,0.0,396.4019486648384
2022-11-03,403.46271004128494,374.2900558684269,422.4669305764057,403.46271004128494,403.46271004128494,-4.984967064000646,-4.984967064000646,-4.984967064000646,-4.984967064000646,-4.984967064000646,-4.984967064000646,0.0,0.0,0.0,398.47774297728427
2022-11-04,405.23727062264595,379.1575854608161,428.1833143270003,405.23727062264595,405.23727062264595,-3.2896684854421663,-3.2896684854421663,-3.2896684854421663,-3.2896684854421663,-3.2896684854421663,-3.2896684854421663,0.0,0.0,0.0,401.9476021372038
2022-11-07,410.56095236672905,382.6695872721463,431.91995417004074,410.56095236672905,410.56095236672905,-2.7426262349639594,-2.7426262349639594,-2.7426262349639594,-2.7426262349639594,-2.7426262349639594,-2.7426262349639594,0.0,0.0,0.0,407.8183261317651
2022-11-08,412.3355129480901,383.91289395791983,432.61704525190333,412.3355129480901,412.3355129480901,-3.1776602460243146,-3.1776602460243146,-3.1776602460243146,-3.1776602460243146,-3.1776602460243146,-3.1776602460243146,0.0,0.0,0.0,409.15785270206584
2022-11-09,414.11007352945114,382.8665502800511,435.436452210143,414.11007352945114,414.11007352945114,-5.286200794317344,-5.286200794317344,-5.286200794317344,-5.286200794317344,-5.286200794317344,-5.286200794317344,0.0,0.0,0.0,408.8238727351338
2022-11-10,415.8846341108122,387.6853511941316,436.7929356695233,415.8846341108122,415.8846341108122,-4.984967064003407,-4.984967064003407,-4.984967064003407,-4.984967064003407,-4.984967064003407,-4.984967064003407,0.0,0.0,0.0,410.8996670468088
2022-11-11,417.65919469217334,389.097471413678,438.53198990751866,417.65919469217334,417.65919469217334,-3.289668485442288,-3.289668485442288,-3.289668485442288,-3.289668485442288,-3.289668485442288,-3.289668485442288,0.0,0.0,0.0,414.36952620673105
2022-11-14,422.98287643625645,395.1760916410343,445.51539453982787,422.98287643625645,422.98287643625645,-2.742626234972687,-2.742626234972687,-2.742626234972687,-2.742626234972687,-2.742626234972687,-2.742626234972687,0.0,0.0,0.0,420.24025020128374
2022-11-15,424.7574370176174,395.8815289187728,445.5394214065685,424.7574370176174,424.7574370176174,-3.177660246022059,-3.177660246022059,-3.177660246022059,-3.177660246022059,-3.177660246022059,-3.177660246022059,0.0,0.0,0.0,421.57977677159533
2022-11-16,426.53199759897853,395.76801402120657,447.904269199253,426.53199759897853,426.53199759897853,-5.286200794318119,-5.286200794318119,-5.286200794318119,-5.286200794318119,-5.286200794318119,-5.286200794318119,0.0,0.0,0.0,421.2457968046604
2022-11-17,428.30655818033955,399.8193207107804,451.35897335608763,428.30655818033955,428.30655818033955,-4.984967064000062,-4.984967064000062,-4.984967064000062,-4.984967064000062,-4.984967064000062,-4.984967064000062,0.0,0.0,0.0,423.3215911163395
2022-11-18,430.0811187617005,403.940492896596,451.1079137225156,430.0811187617005,430.0811187617005,-3.2896684854648655,-3.2896684854648655,-3.2896684854648655,-3.2896684854648655,-3.2896684854648655,-3.2896684854648655,0.0,0.0,0.0,426.79145027623565
2022-11-21,435.4048005057837,407.53584495581623,459.1977361254114,435.4048005057837,435.4048005057837,-2.7426262349814152,-2.7426262349814152,-2.7426262349814152,-2.7426262349814152,-2.7426262349814152,-2.7426262349814152,0.0,0.0,0.0,432.6621742708023
2022-11-22,437.17936108714485,408.36867249860506,459.0054661492923,437.17936108714485,437.17936108714485,-3.1776602460198045,-3.1776602460198045,-3.1776602460198045,-3.1776602460198045,-3.1776602460198045,-3.1776602460198045,0.0,0.0,0.0,434.00170084112506
2022-11-23,438.9539216685058,408.1239493277417,458.42504948240565,438.9539216685058,438.9539216685058,-5.286200794313701,-5.286200794313701,-5.286200794313701,-5.286200794313701,-5.286200794313701,-5.286200794313701,0.0,0.0,0.0,433.6677208741921
2022-11-24,440.72848224986683,410.7326932001678,460.2914209114967,440.72848224986683,440.72848224986683,-4.984967063996719,-4.984967063996719,-4.984967063996719,-4.984967063996719,-4.984967063996719,-4.984967063996719,0.0,0.0,0.0,435.74351518587014
2022-11-25,442.50304283122796,415.7590192601172,463.7326240628187,442.50304283122796,442.50304283122796,-3.289668485464986,-3.289668485464986,-3.289668485464986,-3.289668485464986,-3.289668485464986,-3.289668485464986,0.0,0.0,0.0,439.213374345763
2022-11-28,447.82672457531106,419.5321525753057,471.1247468859756,447.82672457531106,447.82672457531106,-2.742626234944444,-2.742626234944444,-2.742626234944444,-2.742626234944444,-2.742626234944444,-2.742626234944444,0.0,0.0,0.0,445.0840983403666
2022-11-29,449.601285156672,424.1110171000342,470.67613752763356,449.601285156672,449.601285156672,-3.1776602460175503,-3.1776602460175503,-3.1776602460175503,-3.1776602460175503,-3.1776602460175503,-3.1776602460175503,0.0,0.0,0.0,446.4236249106545
2022-11-30,451.37584573803315,419.6777809975648,470.50394247625775,451.37584573803315,451.37584573803315,-5.2862007943152145,-5.2862007943152145,-5.2862007943152145,-5.2862007943152145,-5.2862007943152145,-5.2862007943152145,0.0,0.0,0.0,446.08964494371793
2022-12-01,453.1504063193942,423.4181867554411,473.38133927776335,453.1504063193942,453.1504063193942,-4.984967064005585,-4.984967064005585,-4.984967064005585,-4.984967064005585,-4.984967064005585,-4.984967064005585,0.0,0.0,0.0,448.16543925538866
2022-12-02,454.92496690075524,427.19254730753494,477.9145784856626,454.92496690075524,454.92496690075524,-3.2896684854548472,-3.2896684854548472,-3.2896684854548472,-3.2896684854548472,-3.2896684854548472,-3.2896684854548472,0.0,0.0,0.0,451.6352984153004
2022-12-05,460.24864864483834,432.17796504722185,483.25072721774126,460.24864864483834,460.24864864483834,-2.7426262349625077,-2.7426262349625077,-2.7426262349625077,-2.7426262349625077,-2.7426262349625077,-2.7426262349625077,0.0,0.0,0.0,457.5060224098758
2022-12-06,462.02320922619947,433.9578327508056,484.27928517083456,462.02320922619947,462.02320922619947,-3.1776602460200647,-3.1776602460200647,-3.1776602460200647,-3.1776602460200647,-3.1776602460200647,-3.1776602460200647,0.0,0.0,0.0,458.8455489801794
2022-12-07,463.7977698075604,432.644799672394,484.22065093397634,463.7977698075604,463.7977698075604,-5.286200794315249,-5.286200794315249,-5.286200794315249,-5.286200794315249,-5.286200794315249,-5.286200794315249,0.0,0.0,0.0,458.5115690132452
2022-12-08,465.57233038892144,438.77117120218384,484.14056033012025,465.57233038892144,465.57233038892144,-4.984967064002241,-4.984967064002241,-4.984967064002241,-4.984967064002241,-4.984967064002241,-4.984967064002241,0.0,0.0,0.0,460.5873633249192
2022-12-09,467.3468909702825,440.8051810928698,489.1948341214505,467.3468909702825,467.3468909702825,-3.2896684854876836,-3.2896684854876836,-3.2896684854876836,-3.2896684854876836,-3.2896684854876836,-3.2896684854876836,0.0,0.0,0.0,464.0572224847948
2022-12-12,472.67057271436573,443.6995827105242,495.83043101893276,472.67057271436573,472.67057271436573,-2.7426262349619,-2.7426262349619,-2.7426262349619,-2.7426262349619,-2.7426262349619,-2.7426262349619,0.0,0.0,0.0,469.92794647940383
2022-12-13,474.44513329572675,445.97377968561557,494.7299692771848,474.44513329572675,474.44513329572675,-3.1776602460178096,-3.1776602460178096,-3.1776602460178096,-3.1776602460178096,-3.1776602460178096,-3.1776602460178096,0.0,0.0,0.0,471.26747304970894
2022-12-14,476.2196938770877,447.26674136144095,494.42570740321133,476.2196938770877,476.2196938770877,-5.2862007943167635,-5.2862007943167635,-5.2862007943167635,-5.2862007943167635,-5.2862007943167635,-5.2862007943167635,0.0,0.0,0.0,470.93349308277095
2022-12-15,477.99425445844884,449.2494149999174,499.05289505653155,477.99425445844884,477.99425445844884,-4.98496706399745,-4.98496706399745,-4.98496706399745,-4.98496706399745,-4.98496706399745,-4.98496706399745,0.0,0.0,0.0,473.0092873944514
2022-12-16,479.76881503980985,452.92030434967614,499.80935930761206,479.76881503980985,479.76881503980985,-3.2896684854775438,-3.2896684854775438,-3.2896684854775438,-3.2896684854775438,-3.2896684854775438,-3.2896684854775438,0.0,0.0,0.0,476.4791465543323
2022-12-19,485.09249678389295,456.90250849301617,507.62215515411134,485.09249678389295,485.09249678389295,-2.7426262349612904,-2.7426262349612904,-2.7426262349612904,-2.7426262349612904,-2.7426262349612904,-2.7426262349612904,0.0,0.0,0.0,482.3498705489317
2022-12-20,486.867057365254,458.60687620627306,508.67818203201693,486.867057365254,486.867057365254,-3.1776602460219943,-3.1776602460219943,-3.1776602460219943,-3.1776602460219943,-3.1776602460219943,-3.1776602460219943,0.0,0.0,0.0,483.689397119232
2022-12-21,488.64161794661516,457.9809364545689,509.2530455398014,488.64161794661516,488.64161794661516,-5.286200794317538,-5.286200794317538,-5.286200794317538,-5.286200794317538,-5.286200794317538,-5.286200794317538,0.0,0.0,0.0,483.3554171522976
2022-12-22,490.4161785279761,460.98660779310507,510.87404196063676,490.4161785279761,490.4161785279761,-4.9849670640002115,-4.9849670640002115,-4.9849670640002115,-4.9849670640002115,-4.9849670640002115,-4.9849670640002115,0.0,0.0,0.0,485.4312114639759
2022-12-23,492.19073910933724,463.1353995226201,514.561336921335,492.19073910933724,492.19073910933724,-3.289668485477665,-3.289668485477665,-3.289668485477665,-3.289668485477665,-3.289668485477665,-3.289668485477665,0.0,0.0,0.0,488.9010706238596
2022-12-26,497.51442085342035,467.98089013039936,520.0138097346796,497.51442085342035,497.51442085342035,-2.7426262349793546,-2.7426262349793546,-2.7426262349793546,-2.7426262349793546,-2.7426262349793546,-2.7426262349793546,0.0,0.0,0.0,494.771794618441
2022-12-27,499.28898143478136,470.2222463015968,521.2084512698511,499.28898143478136,499.28898143478136,-3.1776602460197387,-3.1776602460197387,-3.1776602460197387,-3.1776602460197387,-3.1776602460197387,-3.1776602460197387,0.0,0.0,0.0,496.1113211887616
2022-12-28,501.0635420161423,471.48353482596525,520.7828350516457,501.0635420161423,501.0635420161423,-5.2862007943183125,-5.2862007943183125,-5.2862007943183125,-5.2862007943183125,-5.2862007943183125,-5.2862007943183125,0.0,0.0,0.0,495.77734122182403
2022-12-29,502.83810259750345,472.66937839065565,521.3565372033225,502.83810259750345,502.83810259750345,-4.984967064002972,-4.984967064002972,-4.984967064002972,-4.984967064002972,-4.984967064002972,-4.984967064002972,0.0,0.0,0.0,497.8531355335005
2022-12-30,504.6126631788646,476.5055880021135,526.2649807546188,504.6126631788646,504.6126631788646,-3.2896684854777867,-3.2896684854777867,-3.2896684854777867,-3.2896684854777867,-3.2896684854777867,-3.2896684854777867,0.0,0.0,0.0,501.3229946933868
2023-01-02,509.9363449229476,483.82618853359406,530.6521500306666,509.9363449229476,509.9363449229476,-2.7426262349787467,-2.7426262349787467,-2.7426262349787467,-2.7426262349787467,-2.7426262349787467,-2.7426262349787467,0.0,0.0,0.0,507.1937186879689
2023-01-03,511.71090550430864,484.8570581094246,532.3355853249676,511.71090550430864,511.71090550430864,-3.1776602460222527,-3.1776602460222527,-3.1776602460222527,-3.1776602460222527,-3.1776602460222527,-3.1776602460222527,0.0,0.0,0.0,508.5332452582864
2023-01-04,513.4854660856697,482.3770794046598,533.9156719639,513.4854660856697,513.4854660856697,-5.286200794319086,-5.286200794319086,-5.286200794319086,-5.286200794319086,-5.286200794319086,-5.286200794319086,0.0,0.0,0.0,508.1992652913506
2023-01-05,515.2600266670307,487.61525326640884,535.7176782212617,515.2600266670307,515.2600266670307,-4.984967063992077,-4.984967063992077,-4.984967063992077,-4.984967063992077,-4.984967063992077,-4.984967063992077,0.0,0.0,0.0,510.27505960303864
2023-01-06,517.0345872483919,489.8987956226762,538.9901629404219,517.0345872483919,517.0345872483919,-3.289668485457389,-3.289668485457389,-3.289668485457389,-3.289668485457389,-3.289668485457389,-3.289668485457389,0.0,0.0,0.0,513.7449187629345
2023-01-09,522.3582689924749,496.1624723983474,545.2484920020523,522.3582689924749,522.3582689924749,-2.742626234987474,-2.742626234987474,-2.742626234987474,-2.742626234987474,-2.742626234987474,-2.742626234987474,0.0,0.0,0.0,519.6156427574874
2023-01-10,524.132829573836,496.857774961307,545.4722138976932,524.132829573836,524.132829573836,-3.1776602460152295,-3.1776602460152295,-3.1776602460152295,-3.1776602460152295,-3.1776602460152295,-3.1776602460152295,0.0,0.0,0.0,520.9551693278208
2023-01-11,525.907390155197,495.46549078613896,545.0913727059358,525.907390155197,525.907390155197,-5.286200794315407,-5.286200794315407,-5.286200794315407,-5.286200794315407,-5.286200794315407,-5.286200794315407,0.0,0.0,0.0,520.6211893608817
2023-01-12,527.6819507365582,498.1321706999964,546.595945037408,527.6819507365582,527.6819507365582,-4.984967064000943,-4.984967064000943,-4.984967064000943,-4.984967064000943,-4.984967064000943,-4.984967064000943,0.0,0.0,0.0,522.6969836725573
2023-01-13,529.4565113179192,501.7443509517032,550.2110548813708,529.4565113179192,529.4565113179192,-3.289668485457509,-3.289668485457509,-3.289668485457509,-3.289668485457509,-3.289668485457509,-3.289668485457509,0.0,0.0,0.0,526.1668428324617
2023-01-14,531.2310718992802,514.6109789764449,565.4927814858867,531.2310718992802,531.2310718992802,9.740565075833826,9.740565075833826,9.740565075833826,9.740565075833826,9.740565075833826,9.740565075833826,0.0,0.0,0.0,540.971636975114
2023-01-15,533.0056324806412,517.8453943744207,568.0132132831434,533.0056324806412,533.0056324806412,9.74055774895116,9.74055774895116,9.74055774895116,9.74055774895116,9.74055774895116,9.74055774895116,0.0,0.0,0.0,542.7461902295923
2023-01-16,534.7801930620024,508.2439373198607,557.3534802170614,534.7757454103182,534.7801930620024,-2.742626234950504,-2.742626234950504,-2.742626234950504,-2.742626234950504,-2.742626234950504,-2.742626234950504,0.0,0.0,0.0,532.0375668270518
2023-01-17,536.5547536433634,508.5874532026935,558.0411767016286,536.5212379084531,536.570777230559,-3.1776602460177443,-3.1776602460177443,-3.1776602460177443,-3.1776602460177443,-3.1776602460177443,-3.1776602460177443,0.0,0.0,0.0,533.3770933973457
2023-01-18,538.3293142247245,507.9805496844939,557.3403273108069,538.2631573324757,538.3725080891406,-5.286200794316183,-5.286200794316183,-5.286200794316183,-5.286200794316183,-5.286200794316183,-5.286200794316183,0.0,0.0,0.0,533.0431134304083
2023-01-19,540.1038748060853,510.0352081845412,560.7864221111545,539.9941716007255,540.1751687639949,-4.9849670639975985,-4.9849670639975985,-4.9849670639975985,-4.9849670639975985,-4.9849670639975985,-4.9849670639975985,0.0,0.0,0.0,535.1189077420877
2023-01-20,541.8784353874464,514.3103721716969,563.5478275663841,541.6806863812033,542.023968677455,-3.289668485447371,-3.289668485447371,-3.289668485447371,-3.289668485447371,-3.289668485447371,-3.289668485447371,0.0,0.0,0.0,538.5887669019991
2023-01-21,543.6529959688074,528.6264041775893,577.2968195116279,543.3791656864339,543.8599059116707,9.740565075837322,9.740565075837322,9.740565075837322,9.740565075837322,9.740565075837322,9.740565075837322,0.0,0.0,0.0,553.3935610446448
2023-01-22,545.4275565501686,530.7335253038405,582.2557658442602,545.0448481008744,545.6951577827151,9.740557748935483,9.740557748935483,9.740557748935483,9.740557748935483,9.740557748935483,9.740557748935483,0.0,0.0,0.0,555.168114299104
2023-01-23,547.2021171315297,519.8164365844679,569.1467236040868,546.7478243555911,547.5563564104077,-2.7426262349685673,-2.7426262349685673,-2.7426262349685673,-2.7426262349685673,-2.7426262349685673,-2.7426262349685673,0.0,0.0,0.0,544.4594908965611
